event,mean,min,count
10,-0.4250803902223987,-0.5978828937457864,144
40,-0.40169776459730894,-0.44602428979279174,144
42,-0.4233231756299375,-0.5052013253058109,144
45,-0.4043417994451434,-0.6480627265514766,144
