event,mean,min,count
10,-0.43102190194558715,-0.6042757695003668,144
40,-0.4172380941104083,-0.48335756163575794,144
45,-0.41170666897503577,-0.633436337597635,144
84,-0.4330192767638348,-0.6239745685246404,144
