event,mean,min,count
40,-0.44491239308823183,-0.5022217752271159,144
42,-0.4488055620755353,-0.5108309081457637,144
45,-0.43212817112976104,-0.6882152824781984,144
68,-0.4438676179539261,-0.678257298079291,144
